Title,Genre,Released_Year,IMDB_Rating,Duration,Votes,Country
Movie_2824,Thriller,1981,7.0,108,74158,UK
Movie_9935,"Action, Animation",1985,6.4,91,115629,France
Movie_9279,Fantasy,2018,7.1,105,376400,South Korea
Movie_7873,"Animation, Romance",1994,8.0,80,398833,India
Movie_7924,Comedy,2001,6.3,107,401290,Canada
Movie_2674,"Drama, Sci-Fi",1985,6.3,124,317526,Japan
Movie_1711,Adventure,2009,8.1,90,290428,Japan
Movie_6925,Drama,2016,7.3,85,347692,France
Movie_5741,Drama,1985,6.0,128,146738,Australia
Movie_6977,Sci-Fi,1990,7.0,106,352364,Japan
Movie_2169,Fantasy,2018,6.0,173,129351,India
Movie_8573,Fantasy,2004,6.0,108,359935,Canada
Movie_1916,Sci-Fi,1994,6.7,131,141373,UK
Movie_4456,Thriller,2016,4.6,163,262740,Germany
Movie_8517,Comedy,1989,4.8,111,391588,South Korea
Movie_9830,"Animation, Adventure",1996,5.9,126,115987,India
Movie_9348,Action,2011,5.5,94,81132,India
Movie_7916,Adventure,2018,6.8,128,313417,Australia
Movie_9669,Drama,1996,5.6,167,464883,South Korea
Movie_5371,Drama,2021,5.1,117,228942,India
Movie_8433,Fantasy,1980,8.0,177,94665,South Korea
Movie_2743,Fantasy,2020,6.3,157,105286,India
Movie_7126,Animation,1990,6.6,121,257170,USA
Movie_2832,Thriller,2003,5.1,87,127286,Italy
Movie_2290,"Drama, Fantasy",1985,6.0,178,66934,India
Movie_8787,Romance,2015,6.6,147,458406,Italy
Movie_7932,Romance,1993,5.3,131,353157,Canada
Movie_8177,"Drama, Thriller",2013,6.9,108,34568,Canada
Movie_1344,Animation,2017,5.9,108,4770,UK
Movie_1964,Action,1994,6.2,122,38149,South Korea
Movie_4899,"Thriller, Fantasy",1997,5.9,96,380245,Italy
Movie_8744,"Adventure, Thriller",1995,8.4,92,51819,Germany
Movie_6804,"Horror, Action",2007,6.5,166,343598,UK
Movie_1993,Drama,2005,5.4,111,101448,France
Movie_9786,Adventure,2008,7.3,103,147037,Australia
Movie_5092,"Fantasy, Drama",1984,5.3,86,342911,South Korea
Movie_1241,Comedy,1985,6.7,132,255615,Australia
Movie_4502,Comedy,2005,4.5,128,2130,Germany
Movie_5345,Adventure,2009,5.2,169,383995,South Korea
Movie_8973,Romance,1989,6.7,107,31662,Italy
Movie_9883,Action,1983,7.2,86,307277,Australia
Movie_9238,Action,2013,6.7,145,43001,India
Movie_2122,Thriller,2018,6.4,131,63855,Italy
Movie_5033,Animation,2017,6.2,90,220794,Italy
Movie_9565,Thriller,2000,5.0,165,376490,Canada
Movie_4910,"Comedy, Romance",1996,5.8,138,166767,UK
Movie_1152,Drama,2009,6.0,148,112754,South Korea
Movie_5345,Drama,1988,7.6,111,194738,Japan
Movie_3584,Animation,2008,6.8,163,278317,USA
Movie_5905,Comedy,2022,4.7,113,61517,UK
Movie_3546,Animation,1997,6.8,106,377235,Canada
Movie_4335,Fantasy,2023,6.1,142,132659,USA
Movie_2512,"Romance, Action",2020,5.8,80,175879,India
Movie_5291,"Fantasy, Adventure",1990,7.1,151,6069,UK
Movie_2232,Fantasy,2024,7.5,84,438568,Canada
Movie_3426,Action,2007,7.4,119,192182,USA
Movie_6862,Drama,1993,5.7,125,410005,South Korea
Movie_7658,Thriller,2019,6.2,100,420371,India
Movie_7755,Sci-Fi,1981,6.8,180,489015,Germany
Movie_5065,Drama,1997,7.5,128,458266,USA
Movie_8711,Horror,1994,6.0,124,161007,France
Movie_4652,Adventure,1981,6.3,122,147068,UK
Movie_5573,"Fantasy, Sci-Fi",2002,5.4,83,61472,Japan
Movie_3925,Action,2017,5.3,93,313775,Germany
Movie_6663,"Animation, Fantasy",2000,7.3,94,202953,Italy
Movie_4114,Adventure,1996,7.9,80,273587,South Korea
Movie_4228,"Drama, Sci-Fi",2003,6.4,159,165582,UK
Movie_5920,Adventure,2012,7.5,121,211973,Japan
Movie_3085,"Adventure, Comedy",1992,6.9,158,299375,Japan
Movie_7653,Romance,2015,5.9,116,111196,Germany
Movie_6279,"Horror, Thriller",2009,6.9,145,249085,India
Movie_2389,Drama,1998,8.0,176,124138,Japan
Movie_4680,Action,1992,6.5,85,129368,Australia
Movie_2193,"Animation, Thriller",2009,8.1,171,366090,Germany
Movie_9099,Comedy,2005,3.9,163,361512,USA
Movie_2746,Comedy,2007,7.3,169,272559,Australia
Movie_1822,Drama,2015,6.6,138,70908,Australia
Movie_9702,Horror,2015,6.2,158,428298,South Korea
Movie_7991,"Comedy, Horror",2015,6.6,137,136891,France
Movie_5543,"Thriller, Romance",2013,4.5,136,41623,Japan
Movie_4841,Sci-Fi,1997,6.3,149,43245,India
Movie_3471,"Comedy, Thriller",1994,6.9,88,218510,Germany
Movie_6421,"Adventure, Action",2014,8.0,106,437674,Germany
Movie_7381,Animation,2017,6.0,128,251074,USA
Movie_6763,"Adventure, Fantasy",1999,5.7,175,386159,South Korea
Movie_4613,Romance,2011,6.0,135,255616,USA
Movie_7371,"Comedy, Horror",2001,7.4,96,327241,South Korea
Movie_1441,Drama,2005,6.8,162,225716,India
Movie_8564,Romance,1991,6.0,128,172627,France
Movie_8449,Adventure,2000,7.0,115,395269,Germany
Movie_5133,"Action, Fantasy",1985,6.6,86,184480,France
Movie_2124,Action,2021,7.5,111,105522,USA
Movie_3496,Horror,1995,5.8,165,60973,Italy
Movie_4571,Sci-Fi,2009,6.2,101,318662,Italy
Movie_2876,Drama,1990,6.1,154,14462,Japan
Movie_7149,Drama,2005,5.0,155,363080,France
Movie_2669,Animation,2024,6.8,95,418452,Italy
Movie_1672,"Sci-Fi, Drama",2002,6.8,144,340499,Canada
Movie_1207,"Drama, Adventure",2006,6.5,126,334229,Australia
Movie_3506,Fantasy,2007,6.3,163,142600,Italy
Movie_9817,"Adventure, Romance",2010,5.1,121,447542,France
Movie_2419,"Thriller, Horror",1997,6.1,152,320989,Germany
Movie_6511,"Sci-Fi, Comedy",1981,6.2,142,112211,Canada
Movie_5232,Animation,2001,5.7,169,462429,Japan
Movie_1166,Drama,2013,6.3,110,378526,Germany
Movie_9004,Horror,2015,6.9,162,374210,Australia
Movie_8342,Romance,1981,8.4,108,213022,France
Movie_6016,Horror,2022,6.7,150,279355,Canada
Movie_7971,Sci-Fi,2015,6.8,169,238893,Japan
Movie_6023,Drama,1996,6.4,172,101969,Canada
Movie_2958,Thriller,2014,4.6,107,388241,Australia
Movie_5530,Drama,2017,6.5,104,156318,France
Movie_6912,Action,1991,6.6,170,281040,India
Movie_5494,Fantasy,1982,9.0,117,366647,India
Movie_9042,Animation,1986,6.3,116,247099,Australia
Movie_8216,Action,2001,6.8,112,494388,Australia
Movie_2869,"Horror, Drama",1984,6.5,153,331010,USA
Movie_3485,Drama,1989,5.3,111,63102,South Korea
Movie_7818,Fantasy,2018,7.6,128,237199,Australia
Movie_5871,"Romance, Action",2017,7.3,158,389019,UK
Movie_4404,Romance,2020,7.3,164,43565,India
Movie_4929,Comedy,1991,5.6,80,215180,Australia
Movie_8699,Thriller,1998,7.9,116,371648,Japan
Movie_8438,Romance,1984,5.1,180,415841,Italy
Movie_4241,Fantasy,2007,7.1,108,340547,India
Movie_5352,Action,1989,8.7,101,416565,Japan
Movie_5728,Horror,2008,5.5,168,160431,Germany
Movie_5460,"Horror, Drama",2012,5.9,156,21898,Germany
Movie_6280,Action,2018,6.6,91,121022,Italy
Movie_1339,Animation,2023,6.0,85,401088,India
Movie_8708,"Romance, Comedy",2013,4.9,154,229529,Australia
Movie_2494,Adventure,2010,6.6,122,169326,UK
Movie_3634,"Horror, Romance",2001,5.4,164,496553,Germany
Movie_1601,Sci-Fi,2009,7.0,112,170488,UK
Movie_7622,Fantasy,2012,5.6,139,217660,USA
Movie_4073,Animation,2013,8.0,176,262353,Australia
Movie_1845,Fantasy,1993,5.7,96,487367,Japan
Movie_8178,"Drama, Action",2024,6.2,160,320224,France
Movie_3594,Fantasy,1999,7.3,132,49868,France
Movie_2858,Comedy,2009,5.3,143,489978,Japan
Movie_9337,"Horror, Animation",1997,6.7,111,240487,South Korea
Movie_3369,Animation,2004,7.8,145,392272,India
Movie_2143,"Sci-Fi, Fantasy",1997,4.9,114,431204,USA
Movie_5634,"Comedy, Horror",1999,6.7,148,254934,Canada
Movie_6446,"Horror, Sci-Fi",2015,6.8,104,366690,France
Movie_7274,"Action, Sci-Fi",1994,7.3,175,248975,Germany
Movie_7325,Horror,2022,5.3,84,67189,South Korea
Movie_6439,"Drama, Fantasy",1986,5.2,138,9046,India
Movie_7717,Drama,2021,7.0,140,410744,Japan
Movie_6546,"Drama, Sci-Fi",2019,6.8,166,451542,South Korea
Movie_7226,"Fantasy, Action",2000,6.8,159,36872,France
Movie_5708,Adventure,1994,6.8,92,399652,UK
Movie_8269,Action,1990,5.8,85,171065,USA
Movie_5806,Adventure,2002,6.7,98,129029,South Korea
Movie_7751,Comedy,2016,6.8,102,42402,Italy
Movie_7267,Horror,2019,5.8,154,76034,France
Movie_8555,Horror,2020,8.4,112,350616,USA
Movie_8622,Drama,1998,7.0,136,496575,Canada
Movie_5901,"Romance, Horror",2020,5.3,118,105447,Germany
Movie_8916,Adventure,1986,7.2,153,189197,Italy
Movie_5847,Action,2024,5.5,164,208516,Japan
Movie_1132,Animation,2016,7.3,175,261428,Japan
Movie_4770,Thriller,2018,7.7,161,100683,Italy
Movie_5106,Drama,2023,5.7,160,339868,USA
Movie_6061,Animation,2008,7.5,126,384967,India
Movie_2476,Adventure,1998,6.9,102,106274,India
Movie_9837,Comedy,2003,7.3,112,480224,Australia
Movie_5835,Horror,2001,8.4,89,74797,France
Movie_7511,Drama,2015,6.3,130,8297,Japan
Movie_9791,"Sci-Fi, Romance",1987,5.7,154,200767,Canada
Movie_2775,Horror,2023,5.6,83,325820,South Korea
Movie_6374,Drama,2019,5.7,161,432937,Australia
Movie_5951,"Drama, Comedy",2021,6.4,85,497113,USA
Movie_5986,Drama,2011,6.8,110,466179,South Korea
Movie_3222,"Sci-Fi, Fantasy",2004,6.8,133,308935,India
Movie_7797,Horror,2021,7.3,158,214970,Japan
Movie_1536,Thriller,2024,6.5,136,234148,France
Movie_6942,Fantasy,1986,8.0,162,189048,USA
Movie_7523,Drama,1997,6.2,138,49063,France
Movie_1349,Thriller,1983,9.2,96,413603,Italy
Movie_4362,Animation,1984,7.1,107,427273,France
Movie_6383,Romance,1989,5.6,98,69153,South Korea
Movie_5106,Action,1991,5.4,96,8791,Canada
Movie_4898,Action,2017,7.0,102,140129,USA
Movie_3076,Drama,2006,6.3,140,236025,Canada
Movie_9408,Horror,2017,7.2,144,117155,Italy
Movie_1710,Horror,2022,7.0,162,17331,USA
Movie_8847,"Drama, Horror",2005,6.4,171,477945,Australia
Movie_2204,Animation,1985,5.7,98,35436,India
Movie_5505,Adventure,2019,5.0,156,279164,Japan
Movie_8433,"Drama, Animation",2012,6.1,163,342267,South Korea
Movie_4522,"Thriller, Adventure",2007,7.4,123,434805,Australia
Movie_7532,Sci-Fi,2006,6.7,134,164852,Japan
Movie_7132,"Drama, Animation",1989,5.3,90,49879,Germany
Movie_2582,Fantasy,2003,6.7,87,308476,South Korea
Movie_6400,Adventure,2022,6.9,125,459021,Germany
Movie_1842,Sci-Fi,1998,5.6,93,303995,South Korea
Movie_4485,"Thriller, Drama",1989,6.7,124,444219,South Korea
Movie_7022,Animation,1987,6.6,108,424216,Germany
Movie_1430,Action,2018,5.4,103,144272,Japan
Movie_6567,Comedy,2002,6.9,98,297915,Germany
Movie_2140,Drama,1989,7.1,175,279125,France
Movie_7163,"Sci-Fi, Comedy",2006,7.6,127,164387,Canada
Movie_2391,Comedy,1983,7.6,176,324925,USA
Movie_2336,"Adventure, Horror",1997,5.1,157,232758,Germany
Movie_5475,Sci-Fi,1993,5.6,135,59138,Japan
Movie_8972,Action,2013,7.0,108,208231,Italy
Movie_1897,Romance,1980,7.0,107,403312,India
Movie_5186,Drama,1998,7.0,80,261773,Germany
Movie_3878,"Fantasy, Thriller",1988,9.8,144,293932,Canada
Movie_2180,Adventure,2005,7.1,82,242043,UK
Movie_6129,"Animation, Adventure",2016,7.6,170,336618,Germany
Movie_5743,"Action, Sci-Fi",1987,7.5,101,421123,Italy
Movie_8538,Drama,2024,7.2,135,443753,UK
Movie_4986,"Fantasy, Drama",2007,6.2,130,457405,Japan
Movie_6562,Comedy,1994,7.3,89,268640,UK
Movie_9693,Sci-Fi,2012,5.7,124,382356,India
Movie_4871,Romance,1986,6.3,105,91963,Italy
Movie_3504,Comedy,2021,6.0,178,330226,Australia
Movie_8601,"Animation, Sci-Fi",2016,6.6,160,166747,India
Movie_8205,"Horror, Romance",1984,8.8,115,311074,USA
Movie_6766,Romance,2012,4.6,139,237933,USA
Movie_1932,Drama,2003,7.2,162,454115,UK
Movie_9307,"Animation, Fantasy",2004,4.9,174,470697,USA
Movie_8368,Sci-Fi,2016,6.0,157,250366,South Korea
Movie_3471,"Drama, Sci-Fi",1983,7.6,171,45212,South Korea
Movie_3827,Horror,1982,6.6,136,275762,South Korea
Movie_3600,Romance,2003,5.4,129,215312,Canada
Movie_1857,Drama,2020,5.8,122,50548,South Korea
Movie_7333,Animation,1998,7.2,99,175777,UK
Movie_3317,Adventure,2002,5.8,96,312972,UK
Movie_6072,"Sci-Fi, Comedy",2015,6.7,165,369485,South Korea
Movie_2531,"Fantasy, Sci-Fi",2021,6.5,82,191105,Japan
Movie_3953,Horror,1993,5.8,104,119773,India
Movie_3538,Drama,1984,8.6,144,405160,South Korea
Movie_9626,Animation,1982,7.1,96,314129,Germany
Movie_3527,Animation,1990,4.5,101,379107,Australia
Movie_1715,Thriller,2006,6.7,136,321127,Japan
Movie_8355,Romance,1994,5.8,180,246899,France
Movie_7026,"Horror, Romance",2023,7.4,179,201211,South Korea
Movie_9641,Thriller,2006,5.7,157,73560,Japan
Movie_1854,"Sci-Fi, Fantasy",2021,6.4,93,373978,South Korea
Movie_3042,Comedy,1998,7.0,114,236572,South Korea
Movie_3414,Thriller,2007,7.4,137,464800,Canada
Movie_1436,Adventure,2006,5.3,144,197063,France
Movie_7326,Thriller,1985,6.2,83,168082,UK
Movie_6493,Action,1989,6.0,116,481979,Australia
Movie_3273,"Animation, Action",2010,5.8,90,10963,Japan
Movie_4533,"Drama, Romance",1989,8.3,110,158889,UK
Movie_1782,"Animation, Horror",1995,6.9,88,59121,Australia
Movie_9782,Comedy,1981,5.2,117,226044,USA
Movie_6780,"Comedy, Drama",1995,7.4,147,190060,UK
Movie_9618,Adventure,2014,8.6,140,23824,Germany
Movie_7116,Sci-Fi,1996,7.5,180,36420,Canada
Movie_4950,Animation,2022,5.0,174,397717,Canada
Movie_3185,Fantasy,1982,6.0,123,427512,India
Movie_8612,"Comedy, Animation",2024,7.8,88,376413,Australia
Movie_1605,Action,1998,5.8,105,465409,USA
Movie_6170,"Fantasy, Horror",1999,6.9,112,20199,France
Movie_5687,Sci-Fi,2002,7.3,114,66260,Canada
Movie_8159,"Adventure, Sci-Fi",2005,5.6,103,261153,Australia
Movie_7018,Drama,2013,6.4,173,223560,UK
Movie_8055,Fantasy,2018,3.5,117,169407,UK
Movie_2311,Romance,2000,5.5,137,316947,Germany
Movie_3730,"Sci-Fi, Horror",2024,6.2,85,382060,Canada
Movie_8126,Drama,1997,5.3,165,335240,Germany
Movie_6952,Action,2012,8.1,98,445947,Italy
Movie_8179,Drama,1982,5.1,110,409166,Canada
Movie_6933,Animation,2004,6.1,99,357024,Australia
Movie_7077,"Drama, Comedy",2003,6.6,147,193387,Germany
Movie_6150,Thriller,2021,7.9,94,14586,India
Movie_9176,"Fantasy, Drama",2013,5.1,113,407304,Japan
Movie_8311,Horror,1993,7.7,105,65297,India
Movie_2213,Horror,2008,6.5,91,425942,Canada
Movie_6692,Romance,1984,5.5,100,374192,India
Movie_6922,Drama,2012,7.0,105,416270,India
Movie_4878,Sci-Fi,2011,6.7,150,301038,Canada
Movie_8657,Animation,2015,5.9,91,35470,Japan
Movie_7523,"Adventure, Drama",2010,6.6,96,167213,UK
Movie_8372,Comedy,2009,6.1,179,290041,Italy
Movie_3981,"Fantasy, Action",1988,6.6,95,272634,India
Movie_5982,Sci-Fi,1990,7.2,170,119211,Canada
Movie_9501,Romance,1998,8.1,105,333952,South Korea
Movie_5496,Animation,1988,5.3,148,49983,South Korea
Movie_3762,Comedy,2017,8.6,164,328406,Italy
Movie_6531,Action,2016,4.5,90,24835,Italy
Movie_5336,Animation,2021,6.3,133,325066,USA
Movie_9159,Romance,2020,7.1,141,129386,Germany
Movie_5873,Action,2009,6.8,100,231479,Germany
Movie_8933,Sci-Fi,2009,5.9,157,76323,Canada
Movie_6231,"Comedy, Sci-Fi",2002,6.3,145,295466,UK
Movie_6228,"Drama, Romance",1995,6.0,137,130980,India
Movie_2586,Adventure,1983,5.9,158,220223,France
Movie_3616,Thriller,2000,7.3,177,84541,Australia
Movie_9433,"Romance, Horror",2009,6.9,82,48211,Germany
Movie_9281,Thriller,2009,5.8,154,186018,USA
Movie_1828,"Animation, Horror",1998,7.4,116,282380,USA
Movie_2761,Romance,2007,6.8,173,192772,Germany
Movie_6995,"Action, Fantasy",1982,7.3,104,191066,South Korea
Movie_5728,"Fantasy, Horror",1984,7.1,177,289283,Japan
Movie_2946,Adventure,1988,5.7,127,417755,Canada
Movie_6990,Animation,1989,5.9,145,211442,South Korea
Movie_1659,Comedy,1982,7.2,171,175609,Australia
Movie_9508,Animation,2009,7.1,145,74285,Canada
Movie_6218,"Animation, Romance",1990,6.5,155,177356,South Korea
Movie_9351,"Animation, Romance",2014,6.6,140,428687,USA
Movie_7035,Adventure,2001,7.8,154,162311,USA
Movie_8775,Action,1996,5.9,154,252893,India
Movie_9589,"Comedy, Thriller",2020,7.0,84,301191,UK
Movie_4125,"Sci-Fi, Adventure",1981,6.3,99,217510,France
Movie_7723,"Action, Comedy",2012,6.3,146,109706,South Korea
Movie_6325,"Fantasy, Adventure",2022,7.6,120,91797,Australia
Movie_9734,Romance,2001,7.3,158,254849,France
Movie_5038,Thriller,1997,7.3,118,405317,Japan
Movie_4396,"Sci-Fi, Horror",2024,7.8,124,294856,Japan
Movie_5715,"Adventure, Sci-Fi",1987,6.5,178,422850,India
Movie_5758,Drama,1982,7.2,124,485447,Australia
Movie_5201,Thriller,2010,6.2,148,143151,South Korea
Movie_5450,Animation,1988,6.8,174,308668,France
Movie_4972,Thriller,1983,6.4,86,53532,Germany
Movie_6411,Comedy,2010,6.6,80,289543,India
Movie_7666,"Horror, Thriller",2021,7.1,176,151599,Canada
Movie_5676,Drama,2021,5.7,163,302011,France
Movie_9767,Adventure,1982,8.6,102,490644,USA
Movie_7504,Romance,2011,5.5,84,5858,Japan
Movie_2758,Horror,2001,5.3,162,285845,South Korea
Movie_9092,"Romance, Thriller",1988,7.7,94,174373,India
Movie_8518,Comedy,2021,7.3,81,387199,Canada
Movie_5833,Comedy,2016,7.1,158,449867,Germany
Movie_8007,Drama,2012,7.1,131,351882,UK
Movie_4027,"Sci-Fi, Thriller",1988,6.5,80,137726,Germany
Movie_4858,Sci-Fi,2008,5.6,118,306377,Italy
Movie_1187,Thriller,1996,6.6,87,351112,UK
Movie_8625,Adventure,1999,5.8,167,264465,Japan
Movie_2923,Sci-Fi,2020,7.5,158,116788,France
Movie_3188,Horror,2010,6.4,175,318581,Canada
Movie_7813,"Fantasy, Thriller",2024,5.7,177,130743,Italy
Movie_2341,"Fantasy, Sci-Fi",2013,6.2,89,481900,Italy
Movie_2838,Animation,1983,6.9,148,79565,India
Movie_6375,"Drama, Thriller",2013,5.9,171,306737,Australia
Movie_2489,"Action, Horror",2012,5.7,96,270089,Germany
Movie_8484,Fantasy,2016,6.7,139,353724,Japan
Movie_1356,Action,2005,6.7,175,115243,Italy
Movie_2196,"Sci-Fi, Drama",1982,6.0,149,32591,UK
Movie_8734,Adventure,1982,6.0,103,404162,India
Movie_7887,"Horror, Adventure",2003,6.7,128,43074,South Korea
Movie_3178,Drama,2021,5.1,102,282678,Germany
Movie_9664,Action,1988,5.1,176,12919,Japan
Movie_8585,"Fantasy, Adventure",2023,5.8,109,130767,Australia
Movie_6671,Thriller,1989,6.3,172,402337,UK
Movie_1527,"Animation, Action",2022,6.8,110,109046,UK
Movie_2653,Horror,2018,8.0,156,353333,USA
Movie_5009,"Horror, Thriller",1982,7.4,149,114911,USA
Movie_3295,Thriller,2012,6.3,173,303047,Canada
Movie_6253,Comedy,1995,6.5,164,274285,France
Movie_7775,Action,1999,5.5,151,498297,Italy
Movie_3869,"Fantasy, Horror",2020,6.5,86,181572,Germany
Movie_9592,"Adventure, Comedy",2000,6.2,118,198373,India
Movie_9813,Thriller,2010,6.8,118,450598,India
Movie_8586,"Adventure, Fantasy",1983,5.7,147,71303,Germany
Movie_4978,Sci-Fi,1996,7.0,162,42455,Australia
Movie_7079,Action,1985,8.0,114,198744,Italy
Movie_1647,Animation,1984,6.4,172,353033,South Korea
Movie_4555,Sci-Fi,2010,6.9,118,477574,USA
Movie_4470,Horror,1992,7.2,111,365708,Italy
Movie_4350,Fantasy,2005,6.1,121,407592,Japan
Movie_7236,Romance,2009,6.7,113,189557,South Korea
Movie_9147,Horror,2009,6.5,177,441260,Canada
Movie_4328,Adventure,2003,6.6,85,295924,France
Movie_3390,Fantasy,1981,5.7,154,304637,Germany
Movie_5836,Sci-Fi,1989,6.5,109,200145,Italy
Movie_5026,Romance,2011,7.0,177,431750,Australia
Movie_9037,Sci-Fi,2009,8.0,101,74378,South Korea
Movie_9000,Fantasy,1991,7.5,84,440913,UK
Movie_1794,"Comedy, Thriller",1980,8.7,88,371760,India
Movie_1149,"Sci-Fi, Action",1993,5.7,159,335353,Italy
Movie_8916,"Action, Animation",2022,7.4,148,290220,Germany
Movie_1194,Fantasy,1981,6.7,116,9987,South Korea
Movie_8054,Drama,1991,8.7,147,79065,France
Movie_4144,Sci-Fi,2019,5.7,114,417775,Germany
Movie_2294,"Horror, Thriller",2003,5.7,169,119414,Japan
Movie_2320,Drama,2021,5.9,131,199843,Germany
Movie_8798,Comedy,1983,4.4,90,263069,Germany
Movie_6427,Fantasy,2016,6.0,85,121463,France
Movie_8790,Drama,1997,5.7,167,486273,Japan
Movie_9897,Comedy,2016,6.7,120,9209,France
Movie_3362,Romance,2005,6.8,100,296676,France
Movie_7375,Adventure,2023,8.4,176,388839,India
Movie_2284,Action,2012,7.5,92,230160,France
Movie_2245,"Sci-Fi, Action",2001,5.9,161,144302,Australia
Movie_9038,Fantasy,1994,5.6,128,227412,India
Movie_7227,Thriller,1985,7.0,171,39538,UK
Movie_5390,"Comedy, Adventure",1989,5.2,120,190110,UK
Movie_2499,Horror,1980,8.3,126,400164,Japan
Movie_2674,Comedy,1988,7.7,135,236323,South Korea
Movie_9395,Action,2006,6.0,91,186553,South Korea
Movie_2524,Adventure,2018,4.8,81,154012,Germany
Movie_7353,Animation,1985,7.9,146,89910,Germany
Movie_3777,Romance,1988,6.4,114,259538,India
Movie_2036,"Romance, Adventure",1990,7.7,118,254876,UK
Movie_6916,Horror,1996,4.9,156,324312,France
Movie_8501,Romance,1986,5.9,80,498456,Germany
Movie_6443,"Sci-Fi, Horror",2019,6.5,122,226766,Italy
Movie_3230,Animation,1999,6.5,168,106304,Australia
Movie_6147,"Sci-Fi, Romance",1991,6.0,174,365358,Australia
Movie_4971,"Romance, Adventure",2000,7.1,126,60710,Italy
Movie_4273,Fantasy,2017,5.4,83,382269,Australia
Movie_4434,Drama,2008,6.4,132,353834,Australia
Movie_3280,Thriller,2020,6.6,112,346329,India
Movie_7932,Horror,2004,7.0,156,252257,Italy
Movie_7566,"Fantasy, Action",2014,7.2,126,368858,South Korea
Movie_2392,Sci-Fi,1986,5.4,101,340214,Italy
Movie_1725,"Sci-Fi, Adventure",2016,5.0,93,6530,UK
Movie_5239,Horror,1994,7.8,127,206066,Australia
Movie_9199,Action,1989,6.8,141,55813,Japan
Movie_7815,Comedy,1985,5.8,124,164520,Canada
Movie_8460,"Sci-Fi, Horror",1993,8.1,92,230725,Australia
Movie_6225,Action,1984,6.6,170,61337,USA
Movie_6620,Comedy,2021,7.7,174,128880,South Korea
Movie_3858,Sci-Fi,2015,6.6,151,224540,Australia
Movie_4798,Comedy,2005,8.6,161,345618,Germany
Movie_7481,Horror,1981,8.3,155,226209,Germany
Movie_1072,Romance,1993,6.3,176,369972,UK
Movie_2667,Sci-Fi,2014,7.5,121,104323,Australia
Movie_2867,"Fantasy, Sci-Fi",1996,7.1,156,204758,Italy
Movie_7431,Sci-Fi,2017,7.9,125,444294,Australia
Movie_3826,Animation,2023,5.5,155,45434,India
Movie_6131,Romance,1987,7.2,94,96968,Canada
Movie_3316,"Adventure, Comedy",2012,7.6,153,202174,Germany
Movie_4043,Fantasy,2011,4.7,101,257713,Japan
Movie_3298,Horror,1991,5.3,159,29107,Canada
Movie_1157,Thriller,2011,4.5,129,295430,South Korea
Movie_9109,"Adventure, Horror",2006,6.2,142,88688,UK
Movie_1505,Action,1994,7.2,115,118882,South Korea
Movie_5729,"Animation, Horror",1990,8.0,150,268809,UK
Movie_2871,Fantasy,1997,6.6,176,22815,Australia
Movie_9951,"Drama, Thriller",1993,8.1,118,459652,USA
Movie_8368,Drama,1996,5.1,136,454661,UK
Movie_4882,Animation,1993,4.8,160,225482,India
Movie_3281,Action,1993,6.4,152,184928,South Korea
Movie_5605,Sci-Fi,2018,6.9,170,154424,Japan
Movie_5380,Comedy,2012,6.5,176,412928,Germany
Movie_1971,Comedy,1997,4.4,111,77673,Canada
Movie_5055,"Horror, Comedy",2023,6.4,153,332560,Japan
Movie_7786,"Drama, Animation",2004,5.2,131,271329,Japan
Movie_7046,"Sci-Fi, Action",2009,7.2,179,445159,UK
Movie_8511,Drama,2020,6.9,148,209517,France
Movie_8039,"Romance, Sci-Fi",1993,5.6,116,178080,South Korea
Movie_3139,"Sci-Fi, Action",2016,6.0,85,53205,Australia
Movie_1266,Horror,1987,5.4,138,1354,Germany
Movie_4314,Romance,2024,6.4,100,459449,Japan
Movie_2529,Romance,2021,7.5,90,195953,India
Movie_1848,Thriller,2005,5.5,134,344663,UK
Movie_2559,Horror,1980,7.0,89,70572,Italy
Movie_4705,"Action, Animation",2013,6.0,169,181131,UK
Movie_7919,Horror,2024,5.7,89,121034,Germany
Movie_2463,Sci-Fi,1986,6.4,127,462891,Japan
Movie_3246,Comedy,2004,5.5,88,279139,Italy
Movie_1138,Horror,2019,5.9,124,379762,France
Movie_3480,"Thriller, Drama",2006,5.3,92,74407,UK
Movie_7291,"Sci-Fi, Comedy",2002,8.5,111,146210,UK
Movie_5065,Action,2015,6.5,164,460185,Japan
Movie_4366,Adventure,2013,5.8,117,339779,USA
Movie_4921,"Drama, Thriller",2011,6.7,143,335538,Italy
Movie_2163,Sci-Fi,2013,6.4,120,70197,Germany
Movie_7895,Horror,2003,6.3,178,39268,USA
Movie_2106,Thriller,1980,7.1,85,484697,USA
Movie_7520,Fantasy,2012,7.3,178,218806,Germany
Movie_7590,Romance,1985,6.0,90,163480,UK
Movie_9377,Fantasy,1993,5.9,121,205855,Italy
Movie_2083,"Thriller, Action",1999,6.2,111,46200,Germany
Movie_2900,Romance,2009,4.2,165,389861,India
Movie_2956,Action,1980,5.0,100,261263,Canada
Movie_9568,Comedy,2013,7.9,127,67548,Japan
Movie_2934,Adventure,1981,8.1,114,275650,UK
Movie_5308,Horror,2016,6.3,138,268796,Canada
Movie_1908,Sci-Fi,2011,7.1,100,134754,UK
Movie_2889,Action,1994,6.8,81,129215,USA
Movie_8729,"Comedy, Animation",2003,9.6,84,290860,Germany
Movie_4678,Adventure,2000,7.6,172,168738,Japan
Movie_2276,Drama,2016,6.4,144,354016,USA
Movie_3938,Adventure,1994,5.5,88,460795,Australia
Movie_5625,Drama,1999,4.9,150,240466,USA
Movie_7044,Animation,1992,6.7,180,160336,Italy
Movie_4974,Animation,2009,5.7,143,406071,France
Movie_9954,Action,1995,5.1,132,13535,France
Movie_9872,Sci-Fi,2002,5.9,80,398897,Germany
Movie_6038,Fantasy,1986,5.4,110,221104,Australia
Movie_1981,Drama,1989,8.2,85,484013,France
Movie_9515,Horror,2006,7.4,175,45513,Italy
Movie_2565,Adventure,2012,6.5,89,311323,Italy
Movie_2020,Thriller,2007,8.0,117,137834,Canada
Movie_7438,Sci-Fi,2024,6.6,137,143583,France
Movie_2223,Animation,1992,5.6,93,82479,UK
Movie_3693,"Sci-Fi, Adventure",2008,8.0,95,281978,Canada
Movie_4401,Horror,2008,7.0,113,447946,UK
Movie_2481,Animation,1990,5.5,85,113732,Canada
Movie_3430,Sci-Fi,1985,6.3,130,270200,USA
Movie_5896,Action,1996,5.6,131,449057,Australia
Movie_5093,"Drama, Comedy",1986,5.1,95,7268,USA
Movie_4641,Adventure,1988,7.4,127,360811,UK
Movie_5240,Drama,1984,8.4,105,474167,Australia
Movie_3110,Drama,1985,5.1,85,495026,Australia
Movie_1829,"Adventure, Horror",1990,7.1,83,201660,Germany
Movie_3831,Comedy,2002,5.8,115,147724,Australia
Movie_3435,Romance,1982,6.0,143,217002,South Korea
Movie_8848,Romance,1983,5.9,129,72951,Germany
Movie_4267,Fantasy,2021,5.6,82,201539,Canada
Movie_8859,"Sci-Fi, Fantasy",2014,6.5,121,204623,Japan
Movie_3946,Animation,1981,5.7,108,16363,Japan
Movie_1959,Animation,2010,6.8,109,84689,UK
Movie_5060,Romance,2022,6.4,148,428968,USA
Movie_4594,"Sci-Fi, Comedy",2016,6.3,102,125020,Italy
Movie_6210,Animation,2024,5.6,83,369811,Canada
Movie_3328,Horror,2016,5.9,149,163032,India
Movie_9035,Action,1982,7.3,109,316444,France
Movie_1326,"Action, Sci-Fi",2013,7.0,158,106625,India
Movie_6582,Action,1991,5.5,82,78443,Italy
Movie_3320,Drama,1987,6.6,127,370380,Germany
Movie_2655,Sci-Fi,2001,7.3,97,83577,Germany
Movie_8982,Comedy,2021,4.8,170,295637,Italy
Movie_6846,Adventure,1994,7.0,119,385824,Japan
Movie_3086,Animation,1991,5.8,130,447041,Italy
Movie_1530,Animation,1991,7.1,108,336359,Italy
Movie_2705,Sci-Fi,2011,5.7,175,41793,France
Movie_6682,Drama,2000,4.7,170,352285,Canada
Movie_8317,Thriller,1980,4.9,111,364423,UK
Movie_6742,Action,1996,6.5,86,203342,Australia
Movie_7875,"Horror, Adventure",1990,6.8,124,287273,Germany
Movie_2661,Comedy,2010,5.6,137,39644,USA
Movie_5831,Romance,1981,7.1,93,39902,Canada
Movie_3787,Drama,2004,4.8,150,494792,UK
Movie_6536,"Action, Adventure",2018,6.4,163,87506,Italy
Movie_8113,Drama,1990,5.3,122,108767,France
Movie_7705,Romance,2024,5.8,118,125543,UK
Movie_1813,"Comedy, Action",2005,6.5,126,3000,Germany
Movie_2435,"Thriller, Drama",1998,5.6,83,109502,India
Movie_5781,"Drama, Romance",1985,6.1,180,209387,Australia
Movie_9013,Drama,2022,7.5,162,286278,Germany
Movie_4029,"Sci-Fi, Comedy",2003,5.9,137,24392,Japan
Movie_8204,Thriller,2009,7.3,114,296827,USA
Movie_3476,Drama,2024,5.4,165,181245,South Korea
Movie_7782,Fantasy,2017,7.0,87,441819,Germany
Movie_9561,"Animation, Thriller",2006,7.9,140,157684,UK
Movie_7468,Drama,1982,4.0,176,236426,India
Movie_3738,Comedy,1993,5.7,85,222970,UK
Movie_8133,Animation,1992,7.1,113,168640,UK
Movie_2425,"Fantasy, Sci-Fi",2004,6.3,115,273466,Australia
Movie_1202,"Drama, Adventure",2024,6.9,99,78699,Italy
Movie_2641,Romance,1986,5.9,148,462444,Canada
Movie_7732,"Horror, Animation",1996,6.6,84,91282,Japan
Movie_7602,"Action, Adventure",1989,6.3,122,363028,France
Movie_1807,Sci-Fi,2010,7.7,82,178139,Japan
Movie_6094,"Drama, Thriller",1997,6.8,97,158538,Australia
Movie_6257,"Animation, Drama",1997,6.8,104,232586,France
Movie_7671,Action,2011,6.1,145,415968,India
Movie_2075,"Comedy, Fantasy",1999,6.0,152,16177,India
Movie_4158,Thriller,1992,6.1,84,240310,USA
Movie_6904,Sci-Fi,1992,6.9,139,265831,Germany
Movie_3029,Thriller,2023,6.1,127,257265,Italy
Movie_8308,"Animation, Fantasy",1991,6.8,124,181485,India
Movie_5237,Romance,2024,8.6,83,203671,USA
Movie_3669,Thriller,2016,7.4,162,119023,France
Movie_5408,"Fantasy, Action",2021,6.2,179,403429,USA
Movie_8767,Animation,1988,7.7,81,118319,Japan
Movie_6004,Adventure,2021,6.1,128,447476,Canada
Movie_8520,Horror,1996,4.5,118,356045,South Korea
Movie_7506,Action,2017,5.5,145,348265,Canada
Movie_5631,Horror,1999,4.6,88,177309,Japan
Movie_6327,Romance,1997,6.1,104,79606,South Korea
Movie_4937,"Sci-Fi, Comedy",1983,6.5,172,14345,Australia
Movie_5843,"Adventure, Animation",1996,8.2,174,19517,Italy
Movie_4111,Fantasy,2001,6.8,161,412512,Australia
Movie_6873,Comedy,2012,6.3,164,460535,South Korea
Movie_3967,Horror,1998,7.3,96,389454,Japan
Movie_3999,Drama,2023,4.3,108,187270,France
Movie_6031,Sci-Fi,2006,6.7,113,308007,Japan
Movie_8598,"Action, Drama",1987,7.3,140,467315,France
Movie_9199,"Fantasy, Romance",1987,5.0,132,29344,India
Movie_3250,Adventure,1992,7.6,152,469107,Australia
Movie_3346,Drama,2000,6.8,142,175393,India
Movie_6134,Action,2020,6.1,137,144407,France
Movie_3762,Horror,2016,7.1,180,401330,UK
Movie_3120,"Adventure, Animation",2019,8.8,134,251295,Germany
Movie_1076,Sci-Fi,1982,6.7,81,468668,Canada
Movie_9700,Action,1992,6.7,160,385619,France
Movie_4707,Romance,2024,6.0,96,54848,Germany
Movie_9246,Comedy,2017,5.7,88,432931,USA
Movie_5885,"Fantasy, Animation",1998,7.3,123,228365,India
Movie_6615,Thriller,2011,5.6,101,498069,Germany
Movie_1313,Comedy,1994,6.6,107,385867,USA
Movie_9267,Sci-Fi,1990,6.0,171,342070,USA
Movie_7147,Fantasy,2020,7.0,159,26473,Italy
Movie_1785,Action,2022,6.8,86,362627,UK
Movie_7828,"Drama, Fantasy",2008,7.5,112,249720,India
Movie_4366,Romance,2024,6.0,133,347902,UK
Movie_9524,Adventure,1997,6.2,93,269217,Italy
Movie_2928,Drama,1998,5.5,143,105148,Italy
Movie_4272,Sci-Fi,1996,6.1,170,215830,Japan
Movie_3627,"Thriller, Horror",1982,6.9,122,123948,USA
Movie_1208,Drama,2022,7.3,153,351760,Australia
Movie_3443,Drama,1985,5.6,112,338818,France
Movie_8483,Horror,1998,7.4,86,53328,India
Movie_1646,Sci-Fi,1998,7.9,134,388207,UK
Movie_2556,Comedy,1982,6.9,164,340318,India
Movie_6384,"Animation, Romance",2002,8.4,173,49733,Canada
Movie_6615,Adventure,1991,5.7,131,240357,Japan
Movie_7319,"Adventure, Comedy",2024,5.3,94,70474,USA
Movie_3611,"Animation, Horror",1986,4.7,152,356673,Australia
Movie_3969,"Sci-Fi, Action",2019,8.0,167,462347,India
Movie_8914,Adventure,2011,7.2,136,25102,UK
Movie_5286,Action,2021,6.4,170,456256,South Korea
Movie_4669,Fantasy,2022,6.8,146,361836,Italy
Movie_2560,Horror,2007,5.4,124,348975,Germany
Movie_3435,Action,2015,8.9,162,490879,India
Movie_9283,"Comedy, Drama",2010,6.6,176,258765,Canada
Movie_4946,Action,2001,6.6,144,117762,South Korea
Movie_7203,Drama,2005,7.2,138,233882,Italy
Movie_8341,"Horror, Sci-Fi",1985,7.0,95,261766,USA
Movie_2681,"Action, Fantasy",2005,6.7,150,1088,UK
Movie_5990,Horror,2012,5.7,123,191496,USA
Movie_4652,Fantasy,2009,7.0,178,325931,Italy
Movie_8751,Horror,2022,8.4,94,52085,France
Movie_1035,Romance,2001,7.8,150,274670,Canada
Movie_2741,Horror,1982,8.1,97,431880,Germany
Movie_2752,Thriller,1996,6.0,95,488701,Germany
Movie_4532,Sci-Fi,2009,5.5,93,397964,Germany
Movie_1761,Horror,2020,6.4,138,346220,Italy
Movie_9260,"Action, Fantasy",1988,6.6,174,26465,South Korea
Movie_8091,"Fantasy, Comedy",2017,7.6,168,304329,India
Movie_3103,"Animation, Sci-Fi",1986,4.8,144,463102,Germany
Movie_7859,Romance,2018,8.0,130,180756,Japan
Movie_8419,Adventure,1988,6.3,157,368009,South Korea
Movie_5897,Fantasy,2024,6.1,160,114950,France
Movie_4435,Sci-Fi,2019,5.5,166,70558,India
Movie_9255,Drama,2014,4.8,177,185674,South Korea
Movie_8870,"Fantasy, Romance",2017,7.3,134,424784,USA
Movie_9564,Adventure,1986,6.6,98,28821,USA
Movie_4275,Romance,1997,5.2,167,132366,India
Movie_2016,Thriller,2024,5.2,176,284730,USA
Movie_6876,Animation,2008,6.2,166,388707,South Korea
Movie_4675,"Thriller, Fantasy",2021,8.2,180,418770,Japan
Movie_1769,"Adventure, Sci-Fi",2004,6.2,150,29207,USA
Movie_5117,"Thriller, Sci-Fi",1992,5.0,176,309483,South Korea
Movie_4218,Horror,1992,6.3,102,358909,UK
Movie_4063,Adventure,1991,6.2,85,225661,Japan
Movie_5329,Animation,1988,3.8,112,3959,Canada
Movie_8640,Comedy,1989,6.4,121,313937,USA
Movie_5934,Drama,2011,6.3,180,372028,Canada
Movie_9608,Fantasy,1994,7.2,88,413225,South Korea
Movie_3611,"Drama, Sci-Fi",2006,8.3,108,464154,France
Movie_6437,Romance,2001,7.6,107,499235,Italy
Movie_9691,Drama,2010,6.2,165,182407,Australia
Movie_4937,Action,2021,5.4,167,465340,Canada
Movie_7248,"Romance, Fantasy",1987,9.1,172,149283,USA
Movie_9468,"Horror, Action",2003,6.6,117,471958,France
Movie_6248,Drama,2012,6.5,101,406441,South Korea
Movie_9736,Thriller,1980,6.5,165,331046,France
Movie_7950,Fantasy,1986,6.7,169,461658,Germany
Movie_2181,Action,2023,6.4,138,376845,Canada
Movie_1620,Action,1985,5.9,102,417397,Japan
Movie_2154,Romance,2016,6.0,132,204440,Australia
Movie_7626,Action,2007,6.5,129,354002,UK
Movie_9762,Animation,1980,6.0,85,368464,UK
Movie_6860,Romance,2012,5.8,180,360597,Japan
Movie_2417,"Adventure, Animation",1998,6.6,164,17158,Australia
Movie_3561,Comedy,2014,6.2,175,205992,South Korea
Movie_5832,Romance,2020,8.0,166,466031,Canada
Movie_1182,Drama,2015,3.8,85,3637,Italy
Movie_7456,Romance,2014,7.6,106,393322,Canada
Movie_4469,Comedy,2006,7.7,103,116756,Italy
Movie_5140,Comedy,1992,4.4,165,420252,Italy
Movie_1891,"Fantasy, Drama",2015,6.2,117,353156,UK
Movie_5107,Animation,1986,6.1,142,499880,Canada
Movie_6851,Drama,1988,5.1,116,325804,UK
Movie_4170,"Horror, Sci-Fi",2000,5.7,158,346727,Japan
Movie_3496,Sci-Fi,2016,5.4,134,89415,USA
Movie_6131,Adventure,1995,8.3,115,441459,Canada
Movie_3200,Horror,2023,7.4,139,234495,Canada
Movie_6004,Comedy,2011,7.8,162,319047,UK
Movie_5597,Romance,1988,7.2,173,465695,UK
Movie_2235,Animation,1981,5.4,154,213407,Italy
Movie_4485,Fantasy,1982,6.0,149,248518,India
Movie_6993,Animation,2005,7.0,173,450400,Japan
Movie_3193,Adventure,2009,5.3,126,264280,USA
Movie_4913,Fantasy,2019,7.2,97,234948,India
Movie_3935,Horror,2016,6.3,125,22191,France
Movie_8989,Romance,1994,6.1,127,123693,USA
Movie_4387,Adventure,2013,7.2,140,482244,Australia
Movie_1760,Drama,1982,6.9,170,274349,Japan
Movie_5314,Adventure,2017,6.1,163,199452,Canada
Movie_2275,Adventure,2013,7.7,108,271727,Germany
Movie_6781,"Horror, Action",2002,5.4,144,463439,India
Movie_8207,Drama,1990,7.1,145,338367,Japan
Movie_4465,Comedy,1989,7.1,126,316632,UK
Movie_4773,Drama,2006,6.2,141,355014,Australia
Movie_8848,Adventure,1993,6.8,82,128753,USA
Movie_3095,Comedy,2016,5.2,160,269772,USA
Movie_3406,Romance,1983,7.4,103,271868,Germany
Movie_1305,Drama,2022,6.3,107,236511,Italy
Movie_8723,Thriller,2010,6.0,132,316012,India
Movie_3979,Comedy,2019,7.5,172,360447,Canada
Movie_8429,Thriller,2018,5.8,128,203093,India
Movie_2778,Fantasy,1981,5.1,144,359805,Germany
Movie_3450,Comedy,2018,4.9,140,473702,Italy
Movie_1639,Drama,2014,7.1,141,346711,India
Movie_9835,"Fantasy, Adventure",1980,5.2,127,459659,USA
Movie_9680,Horror,2007,8.3,178,200877,Canada
Movie_2600,Romance,2007,4.4,141,402530,France
Movie_2373,"Romance, Thriller",1998,8.2,80,372798,USA
Movie_9561,Adventure,1987,6.7,163,108698,Canada
Movie_7698,Comedy,2003,6.4,134,342613,Italy
Movie_5155,"Animation, Sci-Fi",1996,6.0,158,145473,Germany
Movie_4337,"Comedy, Sci-Fi",2006,6.9,151,291933,Australia
Movie_5157,Adventure,1999,6.5,174,73387,UK
Movie_4764,Drama,2008,7.6,107,267518,Germany
Movie_6544,Comedy,2015,6.6,129,334382,USA
Movie_2492,"Animation, Adventure",1989,6.7,91,34596,Japan
Movie_4633,Animation,2003,6.1,84,380843,Germany
Movie_7564,Animation,2019,6.4,87,496827,India
Movie_9099,Thriller,2008,6.8,164,488985,South Korea
Movie_5685,Animation,1992,4.8,145,271434,France
Movie_3776,Sci-Fi,2023,5.2,110,344418,USA
Movie_3579,Adventure,1985,7.2,125,352095,Germany
Movie_7642,Fantasy,2017,6.7,81,387361,UK
Movie_2477,Fantasy,2015,6.3,154,183502,Canada
Movie_5530,Horror,1994,6.5,131,302416,USA
Movie_5277,"Fantasy, Drama",1991,6.8,151,38951,South Korea
Movie_5821,Fantasy,2001,6.0,112,460335,South Korea
Movie_5098,"Adventure, Horror",2024,5.7,178,128545,Canada
Movie_8517,"Animation, Action",2023,6.7,141,61958,Japan
Movie_2106,Thriller,2004,5.5,120,217229,Canada
Movie_9462,Romance,2014,6.9,111,151622,UK
Movie_7536,Drama,2023,4.8,150,489319,India
Movie_8807,Thriller,2000,7.5,153,142073,India
Movie_4115,Thriller,2011,7.0,174,127907,Japan
Movie_4387,Thriller,1994,6.8,159,187660,India
Movie_2747,Horror,1987,7.5,158,4472,South Korea
Movie_1692,Animation,2010,8.2,120,259128,Italy
Movie_5501,Fantasy,2011,7.5,115,209603,France
Movie_3101,"Horror, Fantasy",1983,4.7,84,264441,Canada
Movie_7450,Horror,2023,5.2,95,367081,South Korea
Movie_8537,Action,2000,5.9,166,111494,Germany
Movie_2650,Animation,2000,6.5,113,99121,South Korea
Movie_5306,Horror,1995,7.0,158,180881,Canada
Movie_4013,"Thriller, Adventure",2011,5.8,169,395367,Canada
Movie_6981,Horror,2005,6.7,103,300583,India
Movie_4744,Thriller,1986,5.7,151,227607,Germany
Movie_4212,Horror,1989,5.9,81,93593,Germany
Movie_9185,Horror,1988,5.1,118,132582,South Korea
Movie_1781,Comedy,2005,5.6,87,113966,Japan
Movie_8807,Horror,2020,5.1,175,176456,Japan
Movie_6914,Sci-Fi,2003,5.5,82,216881,UK
Movie_6752,Animation,2023,7.6,153,341716,South Korea
Movie_3859,Sci-Fi,1998,5.6,166,268619,Australia
Movie_8322,"Animation, Romance",1985,9.1,139,332199,India
Movie_3745,Adventure,2020,7.0,160,322026,Italy
Movie_7631,Comedy,1984,6.7,123,120651,Canada
Movie_6191,Romance,2021,5.6,157,338979,Germany
Movie_5444,Animation,2008,7.2,146,237080,Germany
Movie_3741,Comedy,1991,5.9,173,124012,Japan
Movie_2311,Adventure,1993,6.6,93,51097,UK
Movie_8752,Action,2015,9.1,178,209148,South Korea
Movie_2363,Animation,1986,6.4,99,45203,Germany
Movie_6068,Romance,1994,7.6,136,329456,India
Movie_3150,Action,2013,5.8,84,348890,Canada
Movie_6328,"Fantasy, Romance",2010,6.5,150,234226,India
Movie_9835,"Animation, Adventure",1991,8.3,147,336432,South Korea
Movie_6073,"Fantasy, Thriller",2002,5.9,91,232662,Japan
Movie_6992,Comedy,2006,8.3,118,6534,USA
Movie_9574,Romance,1988,7.2,140,281545,USA
Movie_9059,Action,2010,5.9,178,226672,Japan
Movie_4788,Thriller,1980,7.1,132,463506,South Korea
Movie_8161,Comedy,2005,7.5,171,387462,Germany
Movie_7199,Drama,1994,7.1,134,328849,France
Movie_9464,Romance,2019,4.9,163,390507,South Korea
Movie_5404,Drama,2006,5.8,103,72630,Japan
Movie_2808,"Animation, Horror",2020,6.3,114,368249,Italy
Movie_9060,Action,1992,6.4,99,27021,South Korea
Movie_1362,Romance,1991,7.1,114,66556,Australia
Movie_1134,Comedy,1994,6.7,81,259777,France
Movie_6601,Horror,2006,5.2,127,244104,USA
Movie_6410,Action,1985,6.9,114,407665,Germany
Movie_2169,"Comedy, Thriller",2014,7.1,112,429474,Germany
Movie_1206,Adventure,1987,7.1,178,233239,France
Movie_1549,"Drama, Fantasy",1992,7.6,165,110286,Australia
Movie_7375,Sci-Fi,2023,7.3,100,330863,USA
Movie_9534,Horror,1987,7.0,161,157664,France
Movie_6905,Drama,1983,6.4,110,332826,Germany
Movie_6316,Romance,1980,4.8,154,63730,Germany
Movie_4982,Animation,1980,6.9,180,363152,Australia
Movie_3539,Thriller,2003,6.7,100,263101,UK
Movie_6544,Action,2020,6.8,125,338942,India
Movie_9787,Horror,1986,5.2,109,167062,South Korea
Movie_6690,Action,2008,5.4,168,199059,Canada
Movie_3207,Horror,1996,7.6,170,230376,South Korea
Movie_5828,"Thriller, Comedy",2014,6.5,149,183276,Canada
Movie_8674,Drama,1997,7.2,147,82277,Australia
Movie_5844,Horror,1996,6.5,80,407804,South Korea
Movie_7210,Animation,1991,6.5,126,407856,Italy
Movie_4912,Fantasy,2000,7.4,129,100546,South Korea
Movie_9151,Animation,2015,6.0,116,170135,Germany
Movie_6276,Fantasy,1987,6.6,164,35959,USA
Movie_3126,Thriller,1991,6.0,93,255473,France
Movie_2617,"Horror, Fantasy",1982,6.1,159,368690,Italy
Movie_5193,Thriller,1983,6.2,157,377357,UK
Movie_1214,"Drama, Horror",1993,6.7,161,32824,Canada
Movie_7814,Animation,2003,6.0,114,278359,USA
Movie_2153,Thriller,1999,7.8,146,51918,UK
Movie_4784,"Thriller, Animation",2014,5.6,147,345392,France
Movie_3931,"Drama, Sci-Fi",2015,6.3,166,241501,Germany
Movie_2705,Fantasy,1990,6.1,131,265604,Canada
Movie_3591,"Sci-Fi, Animation",2014,7.9,150,171212,Canada
Movie_7755,"Sci-Fi, Thriller",2020,6.7,152,287065,France
Movie_7145,Sci-Fi,2015,7.5,137,235618,Germany
Movie_1003,Animation,1982,5.0,82,272376,India
Movie_5945,Thriller,1980,6.8,107,449643,Canada
Movie_1355,Fantasy,2024,7.4,145,292673,Italy
Movie_3534,Horror,1986,6.6,125,82845,India
Movie_5341,Thriller,2003,7.6,112,426236,Japan
Movie_2505,"Animation, Thriller",2016,6.0,173,41475,Canada
Movie_8905,"Animation, Drama",1991,7.9,156,337726,Japan
Movie_1612,"Drama, Action",2016,8.8,178,176316,Canada
Movie_8115,Thriller,2006,6.1,175,343244,Italy
Movie_1187,"Action, Romance",2020,6.1,147,22591,Canada
Movie_9846,Sci-Fi,2016,8.0,144,366831,France
Movie_3509,"Horror, Fantasy",1983,8.1,91,117436,Germany
Movie_5747,Comedy,2005,6.0,123,44277,Australia
Movie_1807,"Romance, Drama",2015,6.1,131,264099,Germany
Movie_3136,"Fantasy, Thriller",1988,6.2,142,208260,Italy
Movie_4212,Thriller,2015,5.2,89,140595,Germany
Movie_6298,Drama,2023,5.6,165,217836,Germany
Movie_6984,Sci-Fi,2002,5.5,124,312362,USA
Movie_5994,Animation,1990,5.7,136,327726,India
Movie_8216,Thriller,1982,6.5,167,196989,India
Movie_2405,Thriller,1987,6.7,159,486873,India
Movie_5713,Drama,1980,8.1,119,236961,Australia
Movie_1372,Fantasy,2001,5.5,107,107850,South Korea
Movie_9573,"Animation, Comedy",1996,7.5,168,367348,USA
Movie_7170,Romance,2017,6.3,101,32514,Japan
Movie_4288,Action,2024,6.5,139,344281,USA
Movie_2091,Sci-Fi,2004,7.2,93,11002,Japan
Movie_7332,"Fantasy, Drama",1994,5.4,120,255102,Italy
Movie_9709,Thriller,1985,6.9,144,241116,South Korea
Movie_1352,Fantasy,1982,6.7,119,175886,Australia
Movie_7445,Sci-Fi,1990,7.0,167,185503,Canada
Movie_5953,Action,1995,6.8,160,136098,Germany
Movie_1482,Thriller,2015,9.0,99,180194,Germany
Movie_3248,"Fantasy, Thriller",1985,5.9,133,127018,Italy
Movie_3502,Animation,2007,6.0,122,236494,South Korea
Movie_3158,Animation,1993,5.9,149,359638,France
Movie_3262,Adventure,1999,5.9,178,77101,Italy
Movie_3589,Fantasy,2000,5.9,148,498340,UK
Movie_4016,Action,2000,7.7,177,168084,Germany
Movie_7737,"Romance, Comedy",1999,7.9,179,99531,UK
Movie_3155,Animation,1991,5.9,158,140912,Italy
Movie_4783,Thriller,2018,5.7,167,14675,Canada
Movie_2302,"Comedy, Fantasy",2024,7.0,157,246767,Canada
Movie_4014,"Horror, Comedy",2004,5.9,100,102323,France
Movie_1528,Romance,2006,7.1,132,117682,France
Movie_4351,Horror,1984,6.7,158,257871,Canada
Movie_8496,"Adventure, Action",1995,5.0,157,386525,Germany
Movie_6126,Fantasy,2005,8.0,93,237773,Australia
Movie_1694,"Action, Fantasy",1995,8.3,129,271599,USA
Movie_4110,"Adventure, Romance",1998,5.9,179,434911,Japan
Movie_8558,"Romance, Action",1990,6.1,168,272040,India
Movie_8595,"Drama, Fantasy",2021,6.8,94,95251,Italy
Movie_9952,"Adventure, Sci-Fi",1988,6.8,137,14061,India
Movie_8433,Horror,2017,7.2,91,132115,Canada
Movie_3686,Drama,1987,8.5,170,236614,Canada
Movie_2397,"Fantasy, Comedy",2013,6.3,128,289539,Germany
Movie_1719,Animation,1990,5.7,164,453288,India
Movie_3656,Action,1989,5.1,133,162513,Japan
Movie_8311,Drama,1998,5.8,96,107352,USA
Movie_5146,"Horror, Animation",1980,6.5,149,424338,USA
Movie_9084,Animation,1995,8.3,164,250410,Australia
Movie_7719,Animation,2008,6.0,156,4446,France
Movie_9967,Action,1997,6.7,103,78728,USA
Movie_6718,Action,1982,6.5,165,304087,Italy
Movie_5889,Action,2001,7.7,93,219605,India
Movie_3643,Animation,2023,9.0,164,363552,Italy
Movie_3906,Action,2009,6.0,91,403921,Japan
Movie_6289,"Drama, Adventure",2003,6.0,150,35039,Japan
Movie_8713,Romance,1988,7.5,122,277327,Germany
Movie_9595,Animation,1993,7.2,87,58305,Italy
Movie_9666,"Animation, Romance",1985,8.3,134,320209,Canada
Movie_5254,Comedy,2013,7.1,158,295982,Australia
Movie_9514,"Horror, Comedy",2020,6.1,158,123013,Japan
Movie_4171,Action,1980,7.1,139,328921,UK
Movie_4396,"Adventure, Action",2019,7.6,122,184317,South Korea
Movie_4478,Romance,1980,7.3,112,415290,UK
Movie_6042,Action,1999,7.0,94,360575,Canada
Movie_6592,Comedy,2005,7.6,104,174284,Canada
Movie_8849,Comedy,2010,7.7,141,82467,Australia
Movie_9797,"Adventure, Action",2001,7.9,146,157942,Italy
Movie_6169,Thriller,2015,7.1,153,360395,Canada
Movie_6793,Romance,1984,6.3,83,178813,Germany
Movie_9753,"Comedy, Drama",1990,6.6,180,395023,Japan
Movie_6152,Adventure,1982,7.7,91,261599,France
Movie_7088,Thriller,2008,5.7,147,159501,India
Movie_2838,Thriller,2003,6.9,91,233665,South Korea
Movie_1408,Thriller,2010,6.1,123,485251,Australia
Movie_9579,Comedy,1999,6.5,178,458073,UK
Movie_9456,Thriller,2023,7.8,172,20164,Australia
Movie_7350,Action,2013,6.7,119,489813,USA
Movie_2426,"Action, Drama",2001,6.5,146,402699,Japan
Movie_1368,Thriller,2016,5.1,121,106148,France
Movie_5695,Horror,1997,7.2,165,62682,Japan
Movie_3446,Drama,1990,7.1,81,327602,South Korea
Movie_9422,Fantasy,1986,8.7,124,289025,Canada
Movie_5440,Animation,1989,6.2,111,90797,UK
Movie_6101,Fantasy,2019,6.7,136,27595,India
Movie_1475,Drama,2010,6.7,129,29206,UK
Movie_7987,Animation,2005,8.1,155,331023,Australia
Movie_6826,Thriller,1999,6.4,171,398621,South Korea
Movie_2286,Drama,2009,6.8,169,246511,UK
Movie_8464,"Horror, Thriller",1999,7.1,108,76351,Italy
Movie_5227,"Comedy, Sci-Fi",2003,6.7,180,452302,Canada
Movie_8426,Drama,2011,6.1,140,60185,Canada
Movie_8842,Romance,2009,6.7,178,183774,Italy
Movie_3087,Adventure,2012,7.6,171,418730,UK
Movie_6339,Romance,2015,5.5,148,242683,Germany
Movie_7773,Fantasy,1995,6.6,100,253903,Germany
Movie_2082,Animation,2001,5.8,135,412206,Germany
Movie_6606,Comedy,2014,7.7,164,352065,UK
Movie_8972,"Sci-Fi, Fantasy",1987,5.0,92,431976,Australia
Movie_3886,"Drama, Animation",1999,5.9,167,427805,Italy
Movie_7208,"Action, Drama",2000,6.9,107,429360,India
Movie_1003,Horror,1989,8.1,148,153831,Germany
Movie_8326,Sci-Fi,1992,6.4,118,299989,Japan
Movie_8122,Animation,2002,5.9,81,321597,South Korea
Movie_7622,Action,1988,8.4,127,473423,South Korea
Movie_1870,Drama,1980,5.1,116,454865,USA
Movie_4854,"Sci-Fi, Adventure",2007,4.3,131,201049,Germany
Movie_9931,Horror,1993,6.9,97,99685,South Korea
Movie_7301,"Comedy, Romance",2003,6.0,165,66823,India
Movie_1190,Comedy,1984,5.5,172,464936,Australia
Movie_8155,Comedy,1988,7.2,162,423545,Germany
Movie_8471,"Animation, Comedy",2024,6.7,138,268080,Germany
Movie_8373,Thriller,2004,5.9,103,223702,Italy
Movie_1121,"Thriller, Fantasy",2016,5.2,114,216397,South Korea
Movie_7012,Animation,1982,7.4,141,370561,Canada
Movie_2854,"Drama, Comedy",2017,7.2,173,384408,South Korea
Movie_5578,Fantasy,2009,6.4,158,47371,France
Movie_8740,Fantasy,2020,8.3,154,164839,Italy
Movie_1864,Horror,2001,5.4,138,269783,Australia
Movie_6431,Romance,2006,5.0,117,88822,USA
Movie_5981,Action,2016,5.8,160,249072,Italy
Movie_3770,Romance,2016,6.5,174,328321,USA
Movie_5699,Comedy,2011,6.7,144,41297,Japan
Movie_5129,Romance,1988,6.3,112,8446,UK
Movie_3860,Horror,2017,6.9,127,424541,India
Movie_5280,Horror,2024,5.2,103,420101,South Korea
Movie_1542,Comedy,2001,7.9,156,490654,India
Movie_9125,"Thriller, Horror",2006,6.4,172,335272,India
Movie_4454,Action,2016,7.6,162,139619,UK
Movie_1860,"Adventure, Horror",1990,6.8,118,250700,South Korea
Movie_4828,"Horror, Romance",2004,7.0,98,279104,Germany
Movie_1194,"Adventure, Sci-Fi",1998,7.1,147,359023,USA
Movie_2595,Adventure,2014,6.9,158,482318,Japan
Movie_6488,Drama,1997,7.1,112,344064,Italy
Movie_7408,Animation,2009,7.8,178,103197,South Korea
Movie_6528,Sci-Fi,2023,6.7,150,6545,USA
Movie_2113,"Drama, Fantasy",1980,7.2,93,360399,Australia
Movie_6759,Romance,1994,6.4,104,18847,USA
Movie_2506,Animation,1983,7.9,161,64853,UK
Movie_2415,Adventure,2018,5.8,164,401481,Italy
Movie_4027,Romance,1987,8.3,117,245819,UK
Movie_8429,"Sci-Fi, Romance",1997,6.5,100,410328,UK
Movie_5543,"Adventure, Sci-Fi",1983,5.1,87,136391,Japan
Movie_3915,Horror,2008,6.6,105,320973,Germany
Movie_3923,"Drama, Comedy",2021,5.8,149,404024,Germany
Movie_4578,Horror,2019,7.3,171,136788,UK
Movie_1571,Animation,1984,5.8,173,132384,Australia
Movie_1307,Action,2011,6.1,84,349444,Germany
Movie_5365,Adventure,1989,4.6,153,2941,South Korea
Movie_9039,"Adventure, Drama",2010,6.0,149,119408,USA
Movie_7298,"Drama, Fantasy",2024,4.1,125,175818,Japan
Movie_7563,Sci-Fi,1983,4.9,148,448397,Canada
Movie_2318,Thriller,2009,7.3,102,291704,USA
Movie_7294,Romance,2022,7.3,169,205527,UK
Movie_6886,Horror,2011,6.9,174,100333,India
Movie_1584,Animation,1992,5.5,110,257498,Germany
Movie_2032,Horror,2014,6.5,148,438387,Australia
Movie_1268,Action,1982,6.5,123,414022,USA
Movie_7643,Fantasy,1987,5.3,138,493877,South Korea
Movie_3440,Drama,2017,8.0,84,386592,India
Movie_9010,Horror,2021,7.4,159,25013,France
Movie_3138,Action,1980,6.3,119,431303,UK
Movie_8474,Animation,2019,6.5,88,429762,UK
Movie_2870,Drama,2011,6.7,105,224457,Canada
Movie_7586,Animation,2000,4.5,149,73000,Canada
Movie_4493,Sci-Fi,1982,6.3,88,64305,Japan
Movie_3314,Sci-Fi,2006,5.8,150,87510,Australia
Movie_4991,Comedy,2017,5.5,92,415739,Italy
Movie_7162,Horror,1990,6.2,90,4329,USA
Movie_3939,Adventure,1985,8.3,168,424316,Australia
Movie_3079,Romance,1993,7.1,146,237149,Germany
Movie_4919,Animation,1991,5.9,103,377018,Australia
Movie_2442,Sci-Fi,2020,7.1,133,3396,South Korea
Movie_4860,Fantasy,1992,7.9,92,325492,Canada
Movie_9842,Horror,2012,7.4,178,329447,France
Movie_5528,Drama,1983,6.6,99,360265,Australia
Movie_9151,Action,1991,5.9,86,339092,Canada
Movie_5670,"Romance, Sci-Fi",1993,7.2,158,423132,Australia
Movie_1709,Fantasy,1986,6.9,102,83861,USA
Movie_8947,Drama,2012,7.4,110,379222,Australia
Movie_6340,Sci-Fi,2006,7.1,109,409407,UK
Movie_6343,Thriller,1994,7.5,174,217318,France
Movie_7152,Horror,1994,6.0,154,254969,USA
Movie_8141,Animation,1989,7.8,138,94355,Germany
Movie_7119,"Thriller, Sci-Fi",1988,6.7,114,107016,Canada
Movie_3084,Romance,1982,8.6,97,59253,Australia
Movie_8513,Sci-Fi,2006,5.8,108,465733,Japan
Movie_3568,Animation,2020,8.2,150,449268,France
Movie_2416,"Thriller, Horror",2006,6.7,139,147365,USA
Movie_8014,Sci-Fi,1995,5.8,135,304807,France
Movie_3440,Adventure,2016,6.0,85,22002,Australia
Movie_9261,"Fantasy, Adventure",1982,6.2,141,425524,UK
Movie_8412,Drama,2011,6.9,151,395830,USA
Movie_7662,Sci-Fi,1993,7.0,117,126337,UK
Movie_1260,Comedy,2010,5.9,170,241796,Italy
Movie_1399,"Comedy, Adventure",2009,6.5,103,415113,Canada
Movie_8607,Drama,2020,8.6,129,469416,Canada
Movie_9698,Adventure,1982,8.2,176,142447,Italy
Movie_9887,Drama,2016,6.9,159,462817,Canada
Movie_1898,Action,2012,6.5,94,201778,Canada
Movie_8624,Sci-Fi,2019,6.6,126,92890,South Korea
Movie_2097,Comedy,2015,7.1,122,126112,South Korea
Movie_2860,"Animation, Thriller",2021,5.5,176,391603,France
Movie_6250,Fantasy,2002,6.2,167,222736,Japan
Movie_1892,Sci-Fi,1984,4.8,137,255922,South Korea
Movie_9629,"Fantasy, Animation",1987,6.9,117,237966,Italy
Movie_7031,Thriller,2023,7.1,138,46774,UK
Movie_7400,Drama,1991,6.0,93,87384,Japan
Movie_2835,Horror,2024,8.1,99,459748,France
Movie_9530,Romance,2020,5.3,133,358775,South Korea
Movie_3163,Adventure,2010,5.0,136,387772,USA
Movie_5776,Action,1992,6.7,109,438752,South Korea
Movie_6503,Sci-Fi,2006,7.5,142,312090,South Korea
Movie_9986,"Romance, Comedy",2008,8.2,119,91039,Japan
Movie_4715,Romance,2010,6.0,178,444292,USA
Movie_3430,Horror,2002,7.6,101,325340,India
Movie_9770,Comedy,1998,6.5,170,364257,India
Movie_3641,Action,1995,6.3,120,302216,India
Movie_8223,Comedy,1996,7.4,106,295905,USA
Movie_6192,Sci-Fi,2002,7.2,137,284045,India
Movie_9743,Action,1999,4.9,131,489148,Australia
Movie_3381,Comedy,2009,8.0,80,388184,South Korea
Movie_9313,Horror,2001,7.9,117,495932,Italy
Movie_3409,"Sci-Fi, Drama",2016,5.9,173,252124,USA
Movie_3284,Romance,2023,6.9,83,211569,Italy
Movie_4610,Drama,2008,7.0,121,29853,Italy
Movie_4197,Romance,2017,6.8,105,12821,UK
Movie_9821,Fantasy,2008,5.9,130,102947,Australia
Movie_6206,Sci-Fi,2018,5.8,130,78566,Germany
Movie_7056,Action,2004,6.5,116,181837,Canada
Movie_6047,Thriller,2008,7.7,173,466465,Australia
Movie_7809,Comedy,2008,7.0,173,471665,Germany
Movie_7786,Comedy,1988,6.1,106,159980,Australia
Movie_9606,Animation,2001,7.3,176,198012,UK
Movie_1108,Adventure,2006,3.7,102,292406,Australia
Movie_3243,Adventure,1992,7.6,117,291385,Australia
Movie_1691,Horror,1999,4.8,151,388897,Australia
Movie_4678,Comedy,1981,6.1,113,158375,Australia
Movie_3034,Adventure,2021,5.4,102,258890,France
Movie_1466,Horror,1987,5.2,88,314991,Canada
Movie_8872,"Romance, Horror",2016,7.7,168,430014,UK
Movie_7114,Romance,2012,6.0,100,305954,USA
Movie_3394,"Comedy, Sci-Fi",2000,6.8,100,28728,Japan
Movie_6917,Action,2006,6.5,117,153915,South Korea
Movie_2258,Comedy,2012,7.0,177,50549,Italy
Movie_3738,Sci-Fi,2014,6.6,167,420366,Japan
Movie_5447,Drama,2023,5.2,148,305111,Canada
Movie_3354,Fantasy,1980,7.5,116,196566,Australia
Movie_7750,Drama,2001,6.0,107,82031,South Korea
Movie_4622,Adventure,1992,4.9,138,481264,UK
Movie_2909,Horror,1988,6.1,124,164354,Canada
Movie_3277,Comedy,2008,8.0,170,160742,USA
Movie_2943,Comedy,1994,7.4,168,119790,Japan
Movie_3053,Drama,1993,6.2,134,363187,UK
Movie_2273,"Adventure, Action",1981,6.2,105,57527,USA
Movie_9412,Horror,2017,6.2,95,477331,Japan
Movie_1709,Action,1984,8.6,176,51595,UK
Movie_4365,Comedy,2017,6.9,165,185304,USA
Movie_2487,Animation,1989,6.9,124,185655,India
Movie_9202,Fantasy,2019,7.5,152,36828,UK
Movie_1229,Thriller,2013,6.7,116,91058,South Korea
Movie_1070,Fantasy,1986,6.2,170,249887,Canada
Movie_4033,Comedy,2008,6.3,125,200027,Germany
Movie_4510,Adventure,2012,6.4,94,400197,Canada
Movie_3025,Fantasy,2009,6.5,97,260950,Canada
Movie_5723,Drama,2015,7.2,121,259847,UK
Movie_7304,"Animation, Romance",1998,6.6,167,441973,Australia
Movie_4700,"Romance, Adventure",2015,7.2,104,450196,UK
Movie_8793,Comedy,2023,6.4,81,354453,Australia
Movie_2723,"Fantasy, Drama",2005,6.6,95,76165,Germany
Movie_7563,Comedy,2024,4.5,88,191688,France
Movie_6548,"Drama, Thriller",1992,7.4,134,381213,Australia
Movie_5563,Adventure,2017,6.8,125,250470,Italy
Movie_7626,Comedy,2011,7.5,178,239359,UK
Movie_3001,"Horror, Thriller",1996,3.6,160,495090,India
Movie_1486,Drama,1986,8.6,143,356523,USA
Movie_3934,Comedy,2004,6.4,118,327089,Italy
Movie_2578,"Horror, Thriller",1984,7.6,117,348127,Australia
Movie_9032,Fantasy,2012,5.5,123,425401,South Korea
Movie_9955,Adventure,1981,7.1,95,202132,Australia
Movie_6153,"Horror, Action",2004,5.4,84,93730,South Korea
Movie_5965,"Adventure, Comedy",1990,5.9,119,376245,Germany
Movie_8986,"Fantasy, Animation",1987,8.4,153,247320,Australia
Movie_3560,Adventure,2012,6.3,113,260360,Italy
Movie_7189,Romance,2019,6.7,121,33203,USA
Movie_1739,Sci-Fi,1988,7.4,174,307166,USA
Movie_6591,Adventure,2004,7.0,124,188362,Germany
Movie_6755,Thriller,1983,6.7,110,340782,Japan
Movie_2391,Romance,2024,6.9,94,177996,India
Movie_1322,Action,2014,8.9,138,345859,Germany
Movie_9433,Action,2006,6.4,169,247258,Italy
Movie_1364,"Animation, Adventure",2000,6.7,121,301175,UK
Movie_9001,Sci-Fi,1986,7.6,143,264595,Canada
Movie_3730,Sci-Fi,2019,7.6,135,106779,Australia
Movie_2234,Romance,2014,7.7,113,25920,Japan
Movie_7586,Animation,1994,7.1,92,311307,Canada
Movie_5478,"Adventure, Thriller",1984,5.4,124,418150,UK
Movie_5945,Adventure,2012,8.1,164,284088,Canada
Movie_4278,"Romance, Fantasy",2006,5.4,138,353090,South Korea
Movie_3958,Animation,1981,6.8,143,112648,Australia
Movie_5389,"Animation, Action",2020,5.7,146,106197,Canada
Movie_8577,Comedy,1989,6.4,175,360298,Japan
Movie_8133,Drama,2006,6.8,161,107723,Germany
Movie_5373,Romance,1998,6.8,167,316218,France
Movie_7649,Comedy,1995,6.9,104,15524,France
Movie_6087,"Fantasy, Adventure",2009,8.1,134,340173,USA
Movie_4309,Comedy,1990,7.0,83,136474,Japan
Movie_3883,Horror,2021,6.3,180,11437,USA
Movie_2375,Drama,2000,7.5,132,471167,Canada
Movie_2479,Thriller,2005,7.7,94,300354,South Korea
Movie_2976,Horror,2013,5.3,91,125820,Italy
Movie_3003,Animation,2000,7.1,174,205446,France
Movie_7928,Drama,1993,7.2,102,113254,Japan
Movie_8200,Animation,2006,6.2,87,258089,South Korea
Movie_7139,Sci-Fi,2024,7.9,149,223183,Australia
Movie_5036,Sci-Fi,1997,6.3,140,376217,Canada
Movie_6049,Action,1981,6.6,168,482011,France
Movie_5144,"Romance, Sci-Fi",2015,6.3,167,64991,South Korea
Movie_4872,"Action, Adventure",2008,6.5,112,158752,UK
Movie_4857,Comedy,1999,5.4,136,332010,Canada
Movie_7656,Drama,1982,5.1,179,494090,Australia
Movie_8718,Adventure,2006,8.1,92,433223,India
Movie_5275,Sci-Fi,2012,5.7,133,316682,South Korea
Movie_6353,Action,2009,5.5,162,337379,India
Movie_8264,Action,2021,4.3,131,105897,Japan
Movie_6140,Drama,2016,5.9,100,131864,South Korea
Movie_3131,"Sci-Fi, Horror",2018,5.2,141,458968,India
Movie_5270,Romance,1991,8.1,105,45249,Germany
Movie_7022,"Adventure, Thriller",1991,7.5,82,498082,USA
Movie_4747,"Thriller, Romance",1985,5.8,169,447604,India
Movie_1815,"Animation, Romance",2005,8.8,99,47693,Canada
Movie_3787,Action,2016,7.5,171,276690,Germany
Movie_8433,"Drama, Thriller",2023,6.2,171,107506,France
Movie_5361,"Adventure, Comedy",1998,4.0,135,449967,France
Movie_4531,Adventure,1998,8.8,103,215184,India
Movie_1471,Thriller,1998,5.1,159,237441,France
Movie_7056,"Drama, Action",2017,4.9,140,70837,Canada
Movie_7513,Adventure,2023,7.5,170,222926,Italy
Movie_5198,Fantasy,1984,8.9,87,28322,Canada
Movie_4847,Animation,2010,7.9,165,421609,Italy
Movie_1745,Fantasy,1980,7.1,159,200721,Japan
Movie_7466,Comedy,2022,7.1,151,22561,Italy
Movie_3938,Fantasy,1996,7.4,143,488759,Canada
Movie_8669,Sci-Fi,1988,7.3,170,279094,Germany
Movie_3323,Sci-Fi,1996,6.8,85,68041,Australia
Movie_5603,"Romance, Animation",2003,6.6,158,435943,Japan
Movie_9470,"Comedy, Sci-Fi",2000,6.4,174,258569,India
Movie_8208,Comedy,1983,5.7,86,121513,India
Movie_1587,Comedy,2010,6.2,170,245912,Germany
Movie_2900,Horror,2011,4.8,125,372735,South Korea
Movie_8949,"Drama, Comedy",2009,6.4,95,184293,UK
Movie_4337,Comedy,1998,5.5,175,267725,Japan
Movie_4479,Fantasy,2017,5.4,178,300257,India
Movie_7822,Horror,1984,6.7,166,50443,Canada
Movie_1425,Adventure,1998,7.9,127,310507,UK
Movie_6300,Drama,1989,7.4,138,436525,Australia
Movie_8439,Animation,2020,4.9,164,4043,Canada
Movie_1718,"Sci-Fi, Comedy",2021,5.5,107,453606,USA
Movie_5635,Drama,2000,7.4,150,316774,Germany
Movie_2516,Comedy,2005,5.5,110,405161,Germany
Movie_2461,Comedy,1981,6.3,129,409678,Germany
Movie_5668,Drama,2021,7.1,118,258344,Germany
Movie_6080,Sci-Fi,2023,5.5,165,51390,Canada
Movie_9399,"Horror, Adventure",1992,6.6,140,141760,Italy
Movie_7931,"Sci-Fi, Comedy",1985,5.2,135,331661,Germany
Movie_2522,Horror,1982,5.9,166,118561,India
Movie_9115,Romance,2013,6.8,139,230300,UK
Movie_8825,Comedy,1999,4.9,167,474381,Japan
Movie_5073,"Romance, Action",2013,6.9,150,41125,USA
Movie_9411,"Adventure, Drama",1986,6.5,139,347478,Italy
Movie_5151,Animation,2002,7.1,90,403992,South Korea
Movie_1266,"Comedy, Animation",1987,6.7,130,24728,UK
Movie_7819,Animation,1999,7.9,172,239550,Australia
